name,slug,meta-title,meta-description,h1,contenu-principal,bloc-maillage
Bureaux Paris 1er,/bureau/paris-1er/,Location de bureaux à Paris 1 - 75001 | Flashoffice,"Découvrez nos bureaux à louer à Paris 1er. Espaces privatifs clés en main, accompagnement gratuit avec Flashoffice.",Nos bureaux à louer à Paris 1 (75001),"<h2>Location de bureau à Paris 1er</h2><p>Le 1er arrondissement constitue un emplacement de premier choix pour stabiliser votre activité au coeur de la capitale. Si vous envisagez une location bureau paris 1er, ce secteur offre un rayonnement immédiat pour votre image de marque et une proximité précieuse avec vos partenaires. FlashOffice vous accompagne gratuitement pour identifier des bureaux privatifs et opérés répondant exactement aux besoins de vos collaborateurs dans les quartiers de du Louvre, de la Place Vendôme et du Palais Royal. Profitez d'un marché dynamique pour installer vos équipes dans un environnement professionnel de haut standing.</p><h2>Le 1er : une adresse de prestige mondial</h2><p>Installer son siège social ou ses équipes dans le 1er est une décision stratégique majeure. Ce secteur se distingue par une concentration exceptionnelle de maisons de luxe, de joailliers et d'institutions financières. Le dynamisme économique local attire aussi bien des grands groupes que des PME en pleine croissance, créant un réseau d'affaires dense et diversifié. L'ancrage historique de l'arrondissement renforce immédiatement la crédibilité de votre structure. Opter pour cet arrondissement, c'est choisir une adresse qui inspire confiance à vos clients tout en offrant un cadre de travail stimulant. La valeur immobilière de la zone est compensée par la flexibilité des solutions en prestation de services que nous négocions pour vous, permettant de maîtriser vos coûts sans sacrifier la localisation.</p><h2>Accès et transports dans le 1er arrondissement</h2><p>Le hub de Châtelet Les Halles ainsi que les lignes 1, 7 et 14 assurent une desserte optimale. L'accessibilité est un atout majeur pour cet arrondissement, garantissant que vos collaborateurs et clients peuvent vous rejoindre facilement depuis toute l'Île-de-France. Le maillage dense de stations Vélib et l'aménagement de pistes cyclables favorisent les trajets quotidiens en mobilité douce. Pour vos déplacements professionnels ou l'accueil de visiteurs, la proximité des axes routiers et de parkings publics sécurisés facilite grandement la gestion logistique de votre entreprise.</p><h2>Votre implantation stratégique dans le 1er avec FlashOffice</h2><p>FlashOffice est l'expert de l'accompagnement à la recherche de bureaux en prestation de services à Paris. Dans le 1er, nos 12 experts dédiés sélectionnent pour vous les meilleures opportunités parmi plus de 1,5 million de m2 disponibles sur le marché. Notre service est totalement gratuit pour le client, car nous sommes rémunérés par nos 90 opérateurs partenaires. Grâce à notre volume de plus de 4 000 postes négociés chaque année, nos clients réalisent en moyenne 10% d'économies sur chaque deal. Nous gérons l'intégralité du processus, de l'analyse de votre besoin à la négociation finale, avec une signature en 15 jours en moyenne. Contactez-nous pour trouver votre bureau clés en main incluant charges, taxes, internet et ménage dans une facture unique.</p>","<h2>Vous cherchez un espace de coworking dans le 1er ?</h2><a href=""/coworking/paris-1er/"">Coworking Paris 1er</a>"
Bureaux Paris 2ème,/bureau/paris-2e/,Location de bureaux à Paris 2 - 75002 | Flashoffice,"Découvrez nos bureaux à louer à Paris 2ème. Espaces privatifs clés en main, accompagnement gratuit avec Flashoffice.",Nos bureaux à louer à Paris 2 (75002),"<h2>Location de bureau à Paris 2ème</h2><p>Le 2ème arrondissement constitue un emplacement de premier choix pour stabiliser votre activité au coeur de la capitale. Si vous envisagez une location bureau paris 2ème, ce secteur offre un rayonnement immédiat pour votre image de marque et une proximité précieuse avec vos partenaires. FlashOffice vous accompagne gratuitement pour identifier des bureaux privatifs et opérés répondant exactement aux besoins de vos collaborateurs dans les quartiers de du Sentier, de la Bourse et de l'Opéra. Profitez d'un marché dynamique pour installer vos équipes dans un environnement professionnel de haut standing.</p><h2>Le 2ème : le dynamisme de la tech et de la finance</h2><p>Installer son siège social ou ses équipes dans le 2ème est une décision stratégique majeure. Ce secteur se distingue par un écosystème unique mêlant agences de communication, médias et entreprises du numérique. Le dynamisme économique local attire aussi bien des grands groupes que des PME en pleine croissance, créant un réseau d'affaires dense et diversifié. La centralité du quartier facilite les échanges quotidiens avec vos partenaires technologiques. Opter pour cet arrondissement, c'est choisir une adresse qui inspire confiance à vos clients tout en offrant un cadre de travail stimulant. La valeur immobilière de la zone est compensée par la flexibilité des solutions en prestation de services que nous négocions pour vous, permettant de maîtriser vos coûts sans sacrifier la localisation.</p><h2>Accès et transports dans le 2ème arrondissement</h2><p>Les lignes de métro 3, 4, 8 et 9 irriguent parfaitement le secteur via les stations Sentier ou Bourse. L'accessibilité est un atout majeur pour cet arrondissement, garantissant que vos collaborateurs et clients peuvent vous rejoindre facilement depuis toute l'Île-de-France. Le maillage dense de stations Vélib et l'aménagement de pistes cyclables favorisent les trajets quotidiens en mobilité douce. Pour vos déplacements professionnels ou l'accueil de visiteurs, la proximité des axes routiers et de parkings publics sécurisés facilite grandement la gestion logistique de votre entreprise.</p><h2>Votre implantation stratégique dans le 2ème avec FlashOffice</h2><p>FlashOffice est l'expert de l'accompagnement à la recherche de bureaux en prestation de services à Paris. Dans le 2ème, nos 12 experts dédiés sélectionnent pour vous les meilleures opportunités parmi plus de 1,5 million de m2 disponibles sur le marché. Notre service est totalement gratuit pour le client, car nous sommes rémunérés par nos 90 opérateurs partenaires. Grâce à notre volume de plus de 4 000 postes négociés chaque année, nos clients réalisent en moyenne 10% d'économies sur chaque deal. Nous gérons l'intégralité du processus, de l'analyse de votre besoin à la négociation finale, avec une signature en 15 jours en moyenne. Contactez-nous pour trouver votre bureau clés en main incluant charges, taxes, internet et ménage dans une facture unique.</p>","<h2>Vous cherchez un espace de coworking dans le 2ème ?</h2><a href=""/coworking/paris-2e/"">Coworking Paris 2ème</a>"
Bureaux Paris 3ème,/bureau/paris-3e/,Location de bureaux à Paris 3 - 75003 | Flashoffice,"Découvrez nos bureaux à louer à Paris 3ème. Espaces privatifs clés en main, accompagnement gratuit avec Flashoffice.",Nos bureaux à louer à Paris 3 (75003),"<h2>Location de bureau à Paris 3ème</h2><p>Le 3ème arrondissement constitue un emplacement de premier choix pour stabiliser votre activité au coeur de la capitale. Si vous envisagez une location bureau paris 3ème, ce secteur offre un rayonnement immédiat pour votre image de marque et une proximité précieuse avec vos partenaires. FlashOffice vous accompagne gratuitement pour identifier des bureaux privatifs et opérés répondant exactement aux besoins de vos collaborateurs dans les quartiers de du Marais et de la République. Profitez d'un marché dynamique pour installer vos équipes dans un environnement professionnel de haut standing.</p><h2>Le 3ème : le carrefour des industries créatives</h2><p>Installer son siège social ou ses équipes dans le 3ème est une décision stratégique majeure. Ce secteur se distingue par une forte présence de showrooms, de galeries d'art et d'agences de design innovantes. Le dynamisme économique local attire aussi bien des grands groupes que des PME en pleine croissance, créant un réseau d'affaires dense et diversifié. Le cadre architectural remarquable du Marais offre des espaces de bureaux de caractère. Opter pour cet arrondissement, c'est choisir une adresse qui inspire confiance à vos clients tout en offrant un cadre de travail stimulant. La valeur immobilière de la zone est compensée par la flexibilité des solutions en prestation de services que nous négocions pour vous, permettant de maîtriser vos coûts sans sacrifier la localisation.</p><h2>Accès et transports dans le 3ème arrondissement</h2><p>Les lignes 3, 5, 8, 9 et 11 convergent vers la Place de la République, porte d'entrée majeure du quartier. L'accessibilité est un atout majeur pour cet arrondissement, garantissant que vos collaborateurs et clients peuvent vous rejoindre facilement depuis toute l'Île-de-France. Le maillage dense de stations Vélib et l'aménagement de pistes cyclables favorisent les trajets quotidiens en mobilité douce. Pour vos déplacements professionnels ou l'accueil de visiteurs, la proximité des axes routiers et de parkings publics sécurisés facilite grandement la gestion logistique de votre entreprise.</p><h2>Votre implantation stratégique dans le 3ème avec FlashOffice</h2><p>FlashOffice est l'expert de l'accompagnement à la recherche de bureaux en prestation de services à Paris. Dans le 3ème, nos 12 experts dédiés sélectionnent pour vous les meilleures opportunités parmi plus de 1,5 million de m2 disponibles sur le marché. Notre service est totalement gratuit pour le client, car nous sommes rémunérés par nos 90 opérateurs partenaires. Grâce à notre volume de plus de 4 000 postes négociés chaque année, nos clients réalisent en moyenne 10% d'économies sur chaque deal. Nous gérons l'intégralité du processus, de l'analyse de votre besoin à la négociation finale, avec une signature en 15 jours en moyenne. Contactez-nous pour trouver votre bureau clés en main incluant charges, taxes, internet et ménage dans une facture unique.</p>","<h2>Vous cherchez un espace de coworking dans le 3ème ?</h2><a href=""/coworking/paris-3e/"">Coworking Paris 3ème</a>"
Bureaux Paris 4ème,/bureau/paris-4e/,Location de bureaux à Paris 4 - 75004 | Flashoffice,"Découvrez nos bureaux à louer à Paris 4ème. Espaces privatifs clés en main, accompagnement gratuit avec Flashoffice.",Nos bureaux à louer à Paris 4 (75004),"<h2>Location de bureau à Paris 4ème</h2><p>Le 4ème arrondissement constitue un emplacement de premier choix pour stabiliser votre activité au coeur de la capitale. Si vous envisagez une location bureau paris 4ème, ce secteur offre un rayonnement immédiat pour votre image de marque et une proximité précieuse avec vos partenaires. FlashOffice vous accompagne gratuitement pour identifier des bureaux privatifs et opérés répondant exactement aux besoins de vos collaborateurs dans les quartiers de de l'Hôtel de Ville, de Saint-Paul et de l'Île de la Cité. Profitez d'un marché dynamique pour installer vos équipes dans un environnement professionnel de haut standing.</p><h2>Le 4ème : un emplacement institutionnel et central</h2><p>Installer son siège social ou ses équipes dans le 4ème est une décision stratégique majeure. Ce secteur se distingue par des acteurs du secteur public, du tourisme de luxe et de l'immobilier de prestige. Le dynamisme économique local attire aussi bien des grands groupes que des PME en pleine croissance, créant un réseau d'affaires dense et diversifié. S'installer ici permet de bénéficier d'une visibilité constante au coeur de la vie parisienne. Opter pour cet arrondissement, c'est choisir une adresse qui inspire confiance à vos clients tout en offrant un cadre de travail stimulant. La valeur immobilière de la zone est compensée par la flexibilité des solutions en prestation de services que nous négocions pour vous, permettant de maîtriser vos coûts sans sacrifier la localisation.</p><h2>Accès et transports dans le 4ème arrondissement</h2><p>Les lignes 1, 4, 7 et 11 permettent un accès fluide depuis les stations Hôtel de Ville ou Châtelet. L'accessibilité est un atout majeur pour cet arrondissement, garantissant que vos collaborateurs et clients peuvent vous rejoindre facilement depuis toute l'Île-de-France. Le maillage dense de stations Vélib et l'aménagement de pistes cyclables favorisent les trajets quotidiens en mobilité douce. Pour vos déplacements professionnels ou l'accueil de visiteurs, la proximité des axes routiers et de parkings publics sécurisés facilite grandement la gestion logistique de votre entreprise.</p><h2>Votre implantation stratégique dans le 4ème avec FlashOffice</h2><p>FlashOffice est l'expert de l'accompagnement à la recherche de bureaux en prestation de services à Paris. Dans le 4ème, nos 12 experts dédiés sélectionnent pour vous les meilleures opportunités parmi plus de 1,5 million de m2 disponibles sur le marché. Notre service est totalement gratuit pour le client, car nous sommes rémunérés par nos 90 opérateurs partenaires. Grâce à notre volume de plus de 4 000 postes négociés chaque année, nos clients réalisent en moyenne 10% d'économies sur chaque deal. Nous gérons l'intégralité du processus, de l'analyse de votre besoin à la négociation finale, avec une signature en 15 jours en moyenne. Contactez-nous pour trouver votre bureau clés en main incluant charges, taxes, internet et ménage dans une facture unique.</p>","<h2>Vous cherchez un espace de coworking dans le 4ème ?</h2><a href=""/coworking/paris-4e/"">Coworking Paris 4ème</a>"
Bureaux Paris 5ème,/bureau/paris-5e/,Location de bureaux à Paris 5 - 75005 | Flashoffice,"Découvrez nos bureaux à louer à Paris 5ème. Espaces privatifs clés en main, accompagnement gratuit avec Flashoffice.",Nos bureaux à louer à Paris 5 (75005),"<h2>Location de bureau à Paris 5ème</h2><p>Le 5ème arrondissement constitue un emplacement de premier choix pour stabiliser votre activité au coeur de la capitale. Si vous envisagez une location bureau paris 5ème, ce secteur offre un rayonnement immédiat pour votre image de marque et une proximité précieuse avec vos partenaires. FlashOffice vous accompagne gratuitement pour identifier des bureaux privatifs et opérés répondant exactement aux besoins de vos collaborateurs dans les quartiers de du Quartier Latin, du Panthéon et de la Mouffetard. Profitez d'un marché dynamique pour installer vos équipes dans un environnement professionnel de haut standing.</p><h2>Le 5ème : le rayonnement du savoir et de l'innovation</h2><p>Installer son siège social ou ses équipes dans le 5ème est une décision stratégique majeure. Ce secteur se distingue par le voisinage des grandes universités, de centres de recherche et d'éditeurs renommés. Le dynamisme économique local attire aussi bien des grands groupes que des PME en pleine croissance, créant un réseau d'affaires dense et diversifié. L'atmosphère intellectuelle du secteur est idéale pour les activités de conseil et de formation. Opter pour cet arrondissement, c'est choisir une adresse qui inspire confiance à vos clients tout en offrant un cadre de travail stimulant. La valeur immobilière de la zone est compensée par la flexibilité des solutions en prestation de services que nous négocions pour vous, permettant de maîtriser vos coûts sans sacrifier la localisation.</p><h2>Accès et transports dans le 5ème arrondissement</h2><p>Les lignes 4 et 10, ainsi que les RER B et C, facilitent l'accès via Saint-Michel et Cluny. L'accessibilité est un atout majeur pour cet arrondissement, garantissant que vos collaborateurs et clients peuvent vous rejoindre facilement depuis toute l'Île-de-France. Le maillage dense de stations Vélib et l'aménagement de pistes cyclables favorisent les trajets quotidiens en mobilité douce. Pour vos déplacements professionnels ou l'accueil de visiteurs, la proximité des axes routiers et de parkings publics sécurisés facilite grandement la gestion logistique de votre entreprise.</p><h2>Votre implantation stratégique dans le 5ème avec FlashOffice</h2><p>FlashOffice est l'expert de l'accompagnement à la recherche de bureaux en prestation de services à Paris. Dans le 5ème, nos 12 experts dédiés sélectionnent pour vous les meilleures opportunités parmi plus de 1,5 million de m2 disponibles sur le marché. Notre service est totalement gratuit pour le client, car nous sommes rémunérés par nos 90 opérateurs partenaires. Grâce à notre volume de plus de 4 000 postes négociés chaque année, nos clients réalisent en moyenne 10% d'économies sur chaque deal. Nous gérons l'intégralité du processus, de l'analyse de votre besoin à la négociation finale, avec une signature en 15 jours en moyenne. Contactez-nous pour trouver votre bureau clés en main incluant charges, taxes, internet et ménage dans une facture unique.</p>","<h2>Vous cherchez un espace de coworking dans le 5ème ?</h2><a href=""/coworking/paris-5e/"">Coworking Paris 5ème</a>"
Bureaux Paris 6ème,/bureau/paris-6e/,Location de bureaux à Paris 6 - 75006 | Flashoffice,"Découvrez nos bureaux à louer à Paris 6ème. Espaces privatifs clés en main, accompagnement gratuit avec Flashoffice.",Nos bureaux à louer à Paris 6 (75006),"<h2>Location de bureau à Paris 6ème</h2><p>Le 6ème arrondissement constitue un emplacement de premier choix pour stabiliser votre activité au coeur de la capitale. Si vous envisagez une location bureau paris 6ème, ce secteur offre un rayonnement immédiat pour votre image de marque et une proximité précieuse avec vos partenaires. FlashOffice vous accompagne gratuitement pour identifier des bureaux privatifs et opérés répondant exactement aux besoins de vos collaborateurs dans les quartiers de de Saint-Germain-des-Prés, de l'Odéon et du Luxembourg. Profitez d'un marché dynamique pour installer vos équipes dans un environnement professionnel de haut standing.</p><h2>Le 6ème : le prestige intemporel de la Rive Gauche</h2><p>Installer son siège social ou ses équipes dans le 6ème est une décision stratégique majeure. Ce secteur se distingue par la présence de cabinets d'avocats, de conseils en stratégie et de galeries prestigieuses. Le dynamisme économique local attire aussi bien des grands groupes que des PME en pleine croissance, créant un réseau d'affaires dense et diversifié. Une adresse à Saint-Germain-des-Prés reste un symbole de réussite et d'élégance corporative. Opter pour cet arrondissement, c'est choisir une adresse qui inspire confiance à vos clients tout en offrant un cadre de travail stimulant. La valeur immobilière de la zone est compensée par la flexibilité des solutions en prestation de services que nous négocions pour vous, permettant de maîtriser vos coûts sans sacrifier la localisation.</p><h2>Accès et transports dans le 6ème arrondissement</h2><p>Les lignes 4, 10 et 12 desservent efficacement l'arrondissement par les stations Odéon et Sèvres Babylone. L'accessibilité est un atout majeur pour cet arrondissement, garantissant que vos collaborateurs et clients peuvent vous rejoindre facilement depuis toute l'Île-de-France. Le maillage dense de stations Vélib et l'aménagement de pistes cyclables favorisent les trajets quotidiens en mobilité douce. Pour vos déplacements professionnels ou l'accueil de visiteurs, la proximité des axes routiers et de parkings publics sécurisés facilite grandement la gestion logistique de votre entreprise.</p><h2>Votre implantation stratégique dans le 6ème avec FlashOffice</h2><p>FlashOffice est l'expert de l'accompagnement à la recherche de bureaux en prestation de services à Paris. Dans le 6ème, nos 12 experts dédiés sélectionnent pour vous les meilleures opportunités parmi plus de 1,5 million de m2 disponibles sur le marché. Notre service est totalement gratuit pour le client, car nous sommes rémunérés par nos 90 opérateurs partenaires. Grâce à notre volume de plus de 4 000 postes négociés chaque année, nos clients réalisent en moyenne 10% d'économies sur chaque deal. Nous gérons l'intégralité du processus, de l'analyse de votre besoin à la négociation finale, avec une signature en 15 jours en moyenne. Contactez-nous pour trouver votre bureau clés en main incluant charges, taxes, internet et ménage dans une facture unique.</p>","<h2>Vous cherchez un espace de coworking dans le 6ème ?</h2><a href=""/coworking/paris-6e/"">Coworking Paris 6ème</a>"
Bureaux Paris 7ème,/bureau/paris-7e/,Location de bureaux à Paris 7 - 75007 | Flashoffice,"Découvrez nos bureaux à louer à Paris 7ème. Espaces privatifs clés en main, accompagnement gratuit avec Flashoffice.",Nos bureaux à louer à Paris 7 (75007),"<h2>Location de bureau à Paris 7ème</h2><p>Le 7ème arrondissement constitue un emplacement de premier choix pour stabiliser votre activité au coeur de la capitale. Si vous envisagez une location bureau paris 7ème, ce secteur offre un rayonnement immédiat pour votre image de marque et une proximité précieuse avec vos partenaires. FlashOffice vous accompagne gratuitement pour identifier des bureaux privatifs et opérés répondant exactement aux besoins de vos collaborateurs dans les quartiers de des Invalides, de l'École Militaire et de Saint-Thomas d'Aquin. Profitez d'un marché dynamique pour installer vos équipes dans un environnement professionnel de haut standing.</p><h2>Le 7ème : le centre du pouvoir et des institutions</h2><p>Installer son siège social ou ses équipes dans le 7ème est une décision stratégique majeure. Ce secteur se distingue par une forte densité d'ambassades, de ministères et de sièges sociaux internationaux. Le dynamisme économique local attire aussi bien des grands groupes que des PME en pleine croissance, créant un réseau d'affaires dense et diversifié. La sécurité et le calme du quartier en font un lieu privilégié pour la direction d'entreprise. Opter pour cet arrondissement, c'est choisir une adresse qui inspire confiance à vos clients tout en offrant un cadre de travail stimulant. La valeur immobilière de la zone est compensée par la flexibilité des solutions en prestation de services que nous négocions pour vous, permettant de maîtriser vos coûts sans sacrifier la localisation.</p><h2>Accès et transports dans le 7ème arrondissement</h2><p>Les lignes 8, 10, 12 et 13 permettent de rejoindre rapidement les principaux centres d'affaires parisiens. L'accessibilité est un atout majeur pour cet arrondissement, garantissant que vos collaborateurs et clients peuvent vous rejoindre facilement depuis toute l'Île-de-France. Le maillage dense de stations Vélib et l'aménagement de pistes cyclables favorisent les trajets quotidiens en mobilité douce. Pour vos déplacements professionnels ou l'accueil de visiteurs, la proximité des axes routiers et de parkings publics sécurisés facilite grandement la gestion logistique de votre entreprise.</p><h2>Votre implantation stratégique dans le 7ème avec FlashOffice</h2><p>FlashOffice est l'expert de l'accompagnement à la recherche de bureaux en prestation de services à Paris. Dans le 7ème, nos 12 experts dédiés sélectionnent pour vous les meilleures opportunités parmi plus de 1,5 million de m2 disponibles sur le marché. Notre service est totalement gratuit pour le client, car nous sommes rémunérés par nos 90 opérateurs partenaires. Grâce à notre volume de plus de 4 000 postes négociés chaque année, nos clients réalisent en moyenne 10% d'économies sur chaque deal. Nous gérons l'intégralité du processus, de l'analyse de votre besoin à la négociation finale, avec une signature en 15 jours en moyenne. Contactez-nous pour trouver votre bureau clés en main incluant charges, taxes, internet et ménage dans une facture unique.</p>","<h2>Vous cherchez un espace de coworking dans le 7ème ?</h2><a href=""/coworking/paris-7e/"">Coworking Paris 7ème</a>"
Bureaux Paris 8ème,/bureau/paris-8e/,Location de bureaux à Paris 8 - 75008 | Flashoffice,"Découvrez nos bureaux à louer à Paris 8ème. Espaces privatifs clés en main, accompagnement gratuit avec Flashoffice.",Nos bureaux à louer à Paris 8 (75008),"<h2>Location de bureau à Paris 8ème</h2><p>Le 8ème arrondissement constitue un emplacement de premier choix pour stabiliser votre activité au coeur de la capitale. Si vous envisagez une location bureau paris 8ème, ce secteur offre un rayonnement immédiat pour votre image de marque et une proximité précieuse avec vos partenaires. FlashOffice vous accompagne gratuitement pour identifier des bureaux privatifs et opérés répondant exactement aux besoins de vos collaborateurs dans les quartiers de du Triangle d'Or, de la Madeleine et de Saint-Lazare. Profitez d'un marché dynamique pour installer vos équipes dans un environnement professionnel de haut standing.</p><h2>Le 8ème : le poumon des affaires et de la finance</h2><p>Installer son siège social ou ses équipes dans le 8ème est une décision stratégique majeure. Ce secteur se distingue par le Quartier Central des Affaires avec ses banques, ses fonds d'investissement et ses cabinets de conseil. Le dynamisme économique local attire aussi bien des grands groupes que des PME en pleine croissance, créant un réseau d'affaires dense et diversifié. C'est l'adresse la plus convoitée par les entreprises souhaitant affirmer leur puissance sur le marché. Opter pour cet arrondissement, c'est choisir une adresse qui inspire confiance à vos clients tout en offrant un cadre de travail stimulant. La valeur immobilière de la zone est compensée par la flexibilité des solutions en prestation de services que nous négocions pour vous, permettant de maîtriser vos coûts sans sacrifier la localisation.</p><h2>Accès et transports dans le 8ème arrondissement</h2><p>Un noeud de transport majeur avec la gare Saint-Lazare et les lignes 1, 9, 12 et 13. L'accessibilité est un atout majeur pour cet arrondissement, garantissant que vos collaborateurs et clients peuvent vous rejoindre facilement depuis toute l'Île-de-France. Le maillage dense de stations Vélib et l'aménagement de pistes cyclables favorisent les trajets quotidiens en mobilité douce. Pour vos déplacements professionnels ou l'accueil de visiteurs, la proximité des axes routiers et de parkings publics sécurisés facilite grandement la gestion logistique de votre entreprise.</p><h2>Votre implantation stratégique dans le 8ème avec FlashOffice</h2><p>FlashOffice est l'expert de l'accompagnement à la recherche de bureaux en prestation de services à Paris. Dans le 8ème, nos 12 experts dédiés sélectionnent pour vous les meilleures opportunités parmi plus de 1,5 million de m2 disponibles sur le marché. Notre service est totalement gratuit pour le client, car nous sommes rémunérés par nos 90 opérateurs partenaires. Grâce à notre volume de plus de 4 000 postes négociés chaque année, nos clients réalisent en moyenne 10% d'économies sur chaque deal. Nous gérons l'intégralité du processus, de l'analyse de votre besoin à la négociation finale, avec une signature en 15 jours en moyenne. Contactez-nous pour trouver votre bureau clés en main incluant charges, taxes, internet et ménage dans une facture unique.</p>","<h2>Vous cherchez un espace de coworking dans le 8ème ?</h2><a href=""/coworking/paris-8e/"">Coworking Paris 8ème</a>"
Bureaux Paris 9ème,/bureau/paris-9e/,Location de bureaux à Paris 9 - 75009 | Flashoffice,"Découvrez nos bureaux à louer à Paris 9ème. Espaces privatifs clés en main, accompagnement gratuit avec Flashoffice.",Nos bureaux à louer à Paris 9 (75009),"<h2>Location de bureau à Paris 9ème</h2><p>Le 9ème arrondissement constitue un emplacement de premier choix pour stabiliser votre activité au coeur de la capitale. Si vous envisagez une location bureau paris 9ème, ce secteur offre un rayonnement immédiat pour votre image de marque et une proximité précieuse avec vos partenaires. FlashOffice vous accompagne gratuitement pour identifier des bureaux privatifs et opérés répondant exactement aux besoins de vos collaborateurs dans les quartiers de de l'Opéra, des Grands Boulevards et de la rue de la Chaussée d'Antin. Profitez d'un marché dynamique pour installer vos équipes dans un environnement professionnel de haut standing.</p><h2>Le 9ème : l'épicentre du commerce et du digital</h2><p>Installer son siège social ou ses équipes dans le 9ème est une décision stratégique majeure. Ce secteur se distingue par une mixité entre grands magasins, sièges de banques et fleurons de la French Tech. Le dynamisme économique local attire aussi bien des grands groupes que des PME en pleine croissance, créant un réseau d'affaires dense et diversifié. La vitalité du quartier est un levier puissant pour le recrutement de vos futurs talents. Opter pour cet arrondissement, c'est choisir une adresse qui inspire confiance à vos clients tout en offrant un cadre de travail stimulant. La valeur immobilière de la zone est compensée par la flexibilité des solutions en prestation de services que nous négocions pour vous, permettant de maîtriser vos coûts sans sacrifier la localisation.</p><h2>Accès et transports dans le 9ème arrondissement</h2><p>Les lignes 7, 8, 9 et 12 assurent une connectivité exceptionnelle autour de l'Opéra et de Saint-Lazare. L'accessibilité est un atout majeur pour cet arrondissement, garantissant que vos collaborateurs et clients peuvent vous rejoindre facilement depuis toute l'Île-de-France. Le maillage dense de stations Vélib et l'aménagement de pistes cyclables favorisent les trajets quotidiens en mobilité douce. Pour vos déplacements professionnels ou l'accueil de visiteurs, la proximité des axes routiers et de parkings publics sécurisés facilite grandement la gestion logistique de votre entreprise.</p><h2>Votre implantation stratégique dans le 9ème avec FlashOffice</h2><p>FlashOffice est l'expert de l'accompagnement à la recherche de bureaux en prestation de services à Paris. Dans le 9ème, nos 12 experts dédiés sélectionnent pour vous les meilleures opportunités parmi plus de 1,5 million de m2 disponibles sur le marché. Notre service est totalement gratuit pour le client, car nous sommes rémunérés par nos 90 opérateurs partenaires. Grâce à notre volume de plus de 4 000 postes négociés chaque année, nos clients réalisent en moyenne 10% d'économies sur chaque deal. Nous gérons l'intégralité du processus, de l'analyse de votre besoin à la négociation finale, avec une signature en 15 jours en moyenne. Contactez-nous pour trouver votre bureau clés en main incluant charges, taxes, internet et ménage dans une facture unique.</p>","<h2>Vous cherchez un espace de coworking dans le 9ème ?</h2><a href=""/coworking/paris-9e/"">Coworking Paris 9ème</a>"
Bureaux Paris 10ème,/bureau/paris-10e/,Location de bureaux à Paris 10 - 75010 | Flashoffice,"Découvrez nos bureaux à louer à Paris 10ème. Espaces privatifs clés en main, accompagnement gratuit avec Flashoffice.",Nos bureaux à louer à Paris 10 (75010),"<h2>Location de bureau à Paris 10ème</h2><p>Le 10ème arrondissement constitue un emplacement de premier choix pour stabiliser votre activité au coeur de la capitale. Si vous envisagez une location bureau paris 10ème, ce secteur offre un rayonnement immédiat pour votre image de marque et une proximité précieuse avec vos partenaires. FlashOffice vous accompagne gratuitement pour identifier des bureaux privatifs et opérés répondant exactement aux besoins de vos collaborateurs dans les quartiers de du Canal Saint-Martin, de la Gare du Nord et de la Gare de l'Est. Profitez d'un marché dynamique pour installer vos équipes dans un environnement professionnel de haut standing.</p><h2>Le 10ème : un carrefour européen stratégique</h2><p>Installer son siège social ou ses équipes dans le 10ème est une décision stratégique majeure. Ce secteur se distingue par une concentration croissante d'entreprises de services numériques et d'agences de création. Le dynamisme économique local attire aussi bien des grands groupes que des PME en pleine croissance, créant un réseau d'affaires dense et diversifié. Le renouveau du Canal Saint-Martin offre un cadre de travail de plus en plus prisé par les PME. Opter pour cet arrondissement, c'est choisir une adresse qui inspire confiance à vos clients tout en offrant un cadre de travail stimulant. La valeur immobilière de la zone est compensée par la flexibilité des solutions en prestation de services que nous négocions pour vous, permettant de maîtriser vos coûts sans sacrifier la localisation.</p><h2>Accès et transports dans le 10ème arrondissement</h2><p>L'accès direct aux TGV et Eurostar via les gares du Nord et de l'Est simplifie vos voyages d'affaires. L'accessibilité est un atout majeur pour cet arrondissement, garantissant que vos collaborateurs et clients peuvent vous rejoindre facilement depuis toute l'Île-de-France. Le maillage dense de stations Vélib et l'aménagement de pistes cyclables favorisent les trajets quotidiens en mobilité douce. Pour vos déplacements professionnels ou l'accueil de visiteurs, la proximité des axes routiers et de parkings publics sécurisés facilite grandement la gestion logistique de votre entreprise.</p><h2>Votre implantation stratégique dans le 10ème avec FlashOffice</h2><p>FlashOffice est l'expert de l'accompagnement à la recherche de bureaux en prestation de services à Paris. Dans le 10ème, nos 12 experts dédiés sélectionnent pour vous les meilleures opportunités parmi plus de 1,5 million de m2 disponibles sur le marché. Notre service est totalement gratuit pour le client, car nous sommes rémunérés par nos 90 opérateurs partenaires. Grâce à notre volume de plus de 4 000 postes négociés chaque année, nos clients réalisent en moyenne 10% d'économies sur chaque deal. Nous gérons l'intégralité du processus, de l'analyse de votre besoin à la négociation finale, avec une signature en 15 jours en moyenne. Contactez-nous pour trouver votre bureau clés en main incluant charges, taxes, internet et ménage dans une facture unique.</p>","<h2>Vous cherchez un espace de coworking dans le 10ème ?</h2><a href=""/coworking/paris-10e/"">Coworking Paris 10ème</a>"
Bureaux Paris 11ème,/bureau/paris-11e/,Location de bureaux à Paris 11 - 75011 | Flashoffice,"Découvrez nos bureaux à louer à Paris 11ème. Espaces privatifs clés en main, accompagnement gratuit avec Flashoffice.",Nos bureaux à louer à Paris 11 (75011),"<h2>Location de bureau à Paris 11ème</h2><p>Le 11ème arrondissement constitue un emplacement de premier choix pour stabiliser votre activité au coeur de la capitale. Si vous envisagez une location bureau paris 11ème, ce secteur offre un rayonnement immédiat pour votre image de marque et une proximité précieuse avec vos partenaires. FlashOffice vous accompagne gratuitement pour identifier des bureaux privatifs et opérés répondant exactement aux besoins de vos collaborateurs dans les quartiers de de la Bastille, de la République et de la Nation. Profitez d'un marché dynamique pour installer vos équipes dans un environnement professionnel de haut standing.</p><h2>Le 11ème : le renouveau entrepreneurial et urbain</h2><p>Installer son siège social ou ses équipes dans le 11ème est une décision stratégique majeure. Ce secteur se distingue par un tissu dense de startups, d'artisans modernes et d'entreprises de l'économie sociale. Le dynamisme économique local attire aussi bien des grands groupes que des PME en pleine croissance, créant un réseau d'affaires dense et diversifié. L'énergie du 11ème est idéale pour les structures cherchant un environnement agile et convivial. Opter pour cet arrondissement, c'est choisir une adresse qui inspire confiance à vos clients tout en offrant un cadre de travail stimulant. La valeur immobilière de la zone est compensée par la flexibilité des solutions en prestation de services que nous négocions pour vous, permettant de maîtriser vos coûts sans sacrifier la localisation.</p><h2>Accès et transports dans le 11ème arrondissement</h2><p>Les lignes 1, 2, 3, 5, 8 et 9 maillent parfaitement le territoire via les stations Bastille ou Nation. L'accessibilité est un atout majeur pour cet arrondissement, garantissant que vos collaborateurs et clients peuvent vous rejoindre facilement depuis toute l'Île-de-France. Le maillage dense de stations Vélib et l'aménagement de pistes cyclables favorisent les trajets quotidiens en mobilité douce. Pour vos déplacements professionnels ou l'accueil de visiteurs, la proximité des axes routiers et de parkings publics sécurisés facilite grandement la gestion logistique de votre entreprise.</p><h2>Votre implantation stratégique dans le 11ème avec FlashOffice</h2><p>FlashOffice est l'expert de l'accompagnement à la recherche de bureaux en prestation de services à Paris. Dans le 11ème, nos 12 experts dédiés sélectionnent pour vous les meilleures opportunités parmi plus de 1,5 million de m2 disponibles sur le marché. Notre service est totalement gratuit pour le client, car nous sommes rémunérés par nos 90 opérateurs partenaires. Grâce à notre volume de plus de 4 000 postes négociés chaque année, nos clients réalisent en moyenne 10% d'économies sur chaque deal. Nous gérons l'intégralité du processus, de l'analyse de votre besoin à la négociation finale, avec une signature en 15 jours en moyenne. Contactez-nous pour trouver votre bureau clés en main incluant charges, taxes, internet et ménage dans une facture unique.</p>","<h2>Vous cherchez un espace de coworking dans le 11ème ?</h2><a href=""/coworking/paris-11e/"">Coworking Paris 11ème</a>"
Bureaux Paris 12ème,/bureau/paris-12e/,Location de bureaux à Paris 12 - 75012 | Flashoffice,"Découvrez nos bureaux à louer à Paris 12ème. Espaces privatifs clés en main, accompagnement gratuit avec Flashoffice.",Nos bureaux à louer à Paris 12 (75012),"<h2>Location de bureau à Paris 12ème</h2><p>Le 12ème arrondissement constitue un emplacement de premier choix pour stabiliser votre activité au coeur de la capitale. Si vous envisagez une location bureau paris 12ème, ce secteur offre un rayonnement immédiat pour votre image de marque et une proximité précieuse avec vos partenaires. FlashOffice vous accompagne gratuitement pour identifier des bureaux privatifs et opérés répondant exactement aux besoins de vos collaborateurs dans les quartiers de de Bercy, de la Gare de Lyon et du Faubourg Saint-Antoine. Profitez d'un marché dynamique pour installer vos équipes dans un environnement professionnel de haut standing.</p><h2>Le 12ème : la porte d'entrée du pôle économique de l'Est</h2><p>Installer son siège social ou ses équipes dans le 12ème est une décision stratégique majeure. Ce secteur se distingue par des sièges sociaux de transport, d'administration publique et de services financiers. Le dynamisme économique local attire aussi bien des grands groupes que des PME en pleine croissance, créant un réseau d'affaires dense et diversifié. Le quartier de Bercy propose des infrastructures modernes et des espaces verts de qualité. Opter pour cet arrondissement, c'est choisir une adresse qui inspire confiance à vos clients tout en offrant un cadre de travail stimulant. La valeur immobilière de la zone est compensée par la flexibilité des solutions en prestation de services que nous négocions pour vous, permettant de maîtriser vos coûts sans sacrifier la localisation.</p><h2>Accès et transports dans le 12ème arrondissement</h2><p>Les lignes 1 et 14 ainsi que le RER A offrent une liaison rapide vers les centres névralgiques de Paris. L'accessibilité est un atout majeur pour cet arrondissement, garantissant que vos collaborateurs et clients peuvent vous rejoindre facilement depuis toute l'Île-de-France. Le maillage dense de stations Vélib et l'aménagement de pistes cyclables favorisent les trajets quotidiens en mobilité douce. Pour vos déplacements professionnels ou l'accueil de visiteurs, la proximité des axes routiers et de parkings publics sécurisés facilite grandement la gestion logistique de votre entreprise.</p><h2>Votre implantation stratégique dans le 12ème avec FlashOffice</h2><p>FlashOffice est l'expert de l'accompagnement à la recherche de bureaux en prestation de services à Paris. Dans le 12ème, nos 12 experts dédiés sélectionnent pour vous les meilleures opportunités parmi plus de 1,5 million de m2 disponibles sur le marché. Notre service est totalement gratuit pour le client, car nous sommes rémunérés par nos 90 opérateurs partenaires. Grâce à notre volume de plus de 4 000 postes négociés chaque année, nos clients réalisent en moyenne 10% d'économies sur chaque deal. Nous gérons l'intégralité du processus, de l'analyse de votre besoin à la négociation finale, avec une signature en 15 jours en moyenne. Contactez-nous pour trouver votre bureau clés en main incluant charges, taxes, internet et ménage dans une facture unique.</p>","<h2>Vous cherchez un espace de coworking dans le 12ème ?</h2><a href=""/coworking/paris-12e/"">Coworking Paris 12ème</a>"
Bureaux Paris 13ème,/bureau/paris-13e/,Location de bureaux à Paris 13 - 75013 | Flashoffice,"Découvrez nos bureaux à louer à Paris 13ème. Espaces privatifs clés en main, accompagnement gratuit avec Flashoffice.",Nos bureaux à louer à Paris 13 (75013),"<h2>Location de bureau à Paris 13ème</h2><p>Le 13ème arrondissement constitue un emplacement de premier choix pour stabiliser votre activité au coeur de la capitale. Si vous envisagez une location bureau paris 13ème, ce secteur offre un rayonnement immédiat pour votre image de marque et une proximité précieuse avec vos partenaires. FlashOffice vous accompagne gratuitement pour identifier des bureaux privatifs et opérés répondant exactement aux besoins de vos collaborateurs dans les quartiers de de la Bibliothèque François Mitterrand et de la Place d'Italie. Profitez d'un marché dynamique pour installer vos équipes dans un environnement professionnel de haut standing.</p><h2>Le 13ème : le nouveau hub de l'innovation digitale</h2><p>Installer son siège social ou ses équipes dans le 13ème est une décision stratégique majeure. Ce secteur se distingue par la présence de Station F et de nombreuses entreprises technologiques en plein développement. Le dynamisme économique local attire aussi bien des grands groupes que des PME en pleine croissance, créant un réseau d'affaires dense et diversifié. L'architecture moderne de l'arrondissement permet d'accéder à des bureaux de nouvelle génération. Opter pour cet arrondissement, c'est choisir une adresse qui inspire confiance à vos clients tout en offrant un cadre de travail stimulant. La valeur immobilière de la zone est compensée par la flexibilité des solutions en prestation de services que nous négocions pour vous, permettant de maîtriser vos coûts sans sacrifier la localisation.</p><h2>Accès et transports dans le 13ème arrondissement</h2><p>La ligne 14 et le RER C assurent une connexion rapide avec le centre historique de la capitale. L'accessibilité est un atout majeur pour cet arrondissement, garantissant que vos collaborateurs et clients peuvent vous rejoindre facilement depuis toute l'Île-de-France. Le maillage dense de stations Vélib et l'aménagement de pistes cyclables favorisent les trajets quotidiens en mobilité douce. Pour vos déplacements professionnels ou l'accueil de visiteurs, la proximité des axes routiers et de parkings publics sécurisés facilite grandement la gestion logistique de votre entreprise.</p><h2>Votre implantation stratégique dans le 13ème avec FlashOffice</h2><p>FlashOffice est l'expert de l'accompagnement à la recherche de bureaux en prestation de services à Paris. Dans le 13ème, nos 12 experts dédiés sélectionnent pour vous les meilleures opportunités parmi plus de 1,5 million de m2 disponibles sur le marché. Notre service est totalement gratuit pour le client, car nous sommes rémunérés par nos 90 opérateurs partenaires. Grâce à notre volume de plus de 4 000 postes négociés chaque année, nos clients réalisent en moyenne 10% d'économies sur chaque deal. Nous gérons l'intégralité du processus, de l'analyse de votre besoin à la négociation finale, avec une signature en 15 jours en moyenne. Contactez-nous pour trouver votre bureau clés en main incluant charges, taxes, internet et ménage dans une facture unique.</p>","<h2>Vous cherchez un espace de coworking dans le 13ème ?</h2><a href=""/coworking/paris-13e/"">Coworking Paris 13ème</a>"
Bureaux Paris 14ème,/bureau/paris-14e/,Location de bureaux à Paris 14 - 75014 | Flashoffice,"Découvrez nos bureaux à louer à Paris 14ème. Espaces privatifs clés en main, accompagnement gratuit avec Flashoffice.",Nos bureaux à louer à Paris 14 (75014),"<h2>Location de bureau à Paris 14ème</h2><p>Le 14ème arrondissement constitue un emplacement de premier choix pour stabiliser votre activité au coeur de la capitale. Si vous envisagez une location bureau paris 14ème, ce secteur offre un rayonnement immédiat pour votre image de marque et une proximité précieuse avec vos partenaires. FlashOffice vous accompagne gratuitement pour identifier des bureaux privatifs et opérés répondant exactement aux besoins de vos collaborateurs dans les quartiers de de Montparnasse, de Denfert-Rochereau et de la Porte d'Orléans. Profitez d'un marché dynamique pour installer vos équipes dans un environnement professionnel de haut standing.</p><h2>Le 14ème : une connectivité majeure vers l'Atlantique</h2><p>Installer son siège social ou ses équipes dans le 14ème est une décision stratégique majeure. Ce secteur se distingue par un pôle tertiaire dynamique autour de la tour Montparnasse et des services de santé. Le dynamisme économique local attire aussi bien des grands groupes que des PME en pleine croissance, créant un réseau d'affaires dense et diversifié. Le lien direct avec les régions de l'Ouest est un avantage compétitif pour vos relations clients. Opter pour cet arrondissement, c'est choisir une adresse qui inspire confiance à vos clients tout en offrant un cadre de travail stimulant. La valeur immobilière de la zone est compensée par la flexibilité des solutions en prestation de services que nous négocions pour vous, permettant de maîtriser vos coûts sans sacrifier la localisation.</p><h2>Accès et transports dans le 14ème arrondissement</h2><p>La gare Montparnasse et les lignes 4, 6 et 13 facilitent les déplacements de vos collaborateurs. L'accessibilité est un atout majeur pour cet arrondissement, garantissant que vos collaborateurs et clients peuvent vous rejoindre facilement depuis toute l'Île-de-France. Le maillage dense de stations Vélib et l'aménagement de pistes cyclables favorisent les trajets quotidiens en mobilité douce. Pour vos déplacements professionnels ou l'accueil de visiteurs, la proximité des axes routiers et de parkings publics sécurisés facilite grandement la gestion logistique de votre entreprise.</p><h2>Votre implantation stratégique dans le 14ème avec FlashOffice</h2><p>FlashOffice est l'expert de l'accompagnement à la recherche de bureaux en prestation de services à Paris. Dans le 14ème, nos 12 experts dédiés sélectionnent pour vous les meilleures opportunités parmi plus de 1,5 million de m2 disponibles sur le marché. Notre service est totalement gratuit pour le client, car nous sommes rémunérés par nos 90 opérateurs partenaires. Grâce à notre volume de plus de 4 000 postes négociés chaque année, nos clients réalisent en moyenne 10% d'économies sur chaque deal. Nous gérons l'intégralité du processus, de l'analyse de votre besoin à la négociation finale, avec une signature en 15 jours en moyenne. Contactez-nous pour trouver votre bureau clés en main incluant charges, taxes, internet et ménage dans une facture unique.</p>","<h2>Vous cherchez un espace de coworking dans le 14ème ?</h2><a href=""/coworking/paris-14e/"">Coworking Paris 14ème</a>"
Bureaux Paris 15ème,/bureau/paris-15e/,Location de bureaux à Paris 15 - 75015 | Flashoffice,"Découvrez nos bureaux à louer à Paris 15ème. Espaces privatifs clés en main, accompagnement gratuit avec Flashoffice.",Nos bureaux à louer à Paris 15 (75015),"<h2>Location de bureau à Paris 15ème</h2><p>Le 15ème arrondissement constitue un emplacement de premier choix pour stabiliser votre activité au coeur de la capitale. Si vous envisagez une location bureau paris 15ème, ce secteur offre un rayonnement immédiat pour votre image de marque et une proximité précieuse avec vos partenaires. FlashOffice vous accompagne gratuitement pour identifier des bureaux privatifs et opérés répondant exactement aux besoins de vos collaborateurs dans les quartiers de de Vaugirard, de Grenelle et de Javel. Profitez d'un marché dynamique pour installer vos équipes dans un environnement professionnel de haut standing.</p><h2>Le 15ème : le plus grand pôle tertiaire de Paris intramuros</h2><p>Installer son siège social ou ses équipes dans le 15ème est une décision stratégique majeure. Ce secteur se distingue par des groupes de médias, des entreprises de télécommunications et des services aux entreprises. Le dynamisme économique local attire aussi bien des grands groupes que des PME en pleine croissance, créant un réseau d'affaires dense et diversifié. L'arrondissement offre une stabilité et une diversité d'offres immobilières adaptées à toutes les tailles. Opter pour cet arrondissement, c'est choisir une adresse qui inspire confiance à vos clients tout en offrant un cadre de travail stimulant. La valeur immobilière de la zone est compensée par la flexibilité des solutions en prestation de services que nous négocions pour vous, permettant de maîtriser vos coûts sans sacrifier la localisation.</p><h2>Accès et transports dans le 15ème arrondissement</h2><p>Les lignes 6, 8, 10 et 12 desservent l'ensemble de ce vaste territoire économique. L'accessibilité est un atout majeur pour cet arrondissement, garantissant que vos collaborateurs et clients peuvent vous rejoindre facilement depuis toute l'Île-de-France. Le maillage dense de stations Vélib et l'aménagement de pistes cyclables favorisent les trajets quotidiens en mobilité douce. Pour vos déplacements professionnels ou l'accueil de visiteurs, la proximité des axes routiers et de parkings publics sécurisés facilite grandement la gestion logistique de votre entreprise.</p><h2>Votre implantation stratégique dans le 15ème avec FlashOffice</h2><p>FlashOffice est l'expert de l'accompagnement à la recherche de bureaux en prestation de services à Paris. Dans le 15ème, nos 12 experts dédiés sélectionnent pour vous les meilleures opportunités parmi plus de 1,5 million de m2 disponibles sur le marché. Notre service est totalement gratuit pour le client, car nous sommes rémunérés par nos 90 opérateurs partenaires. Grâce à notre volume de plus de 4 000 postes négociés chaque année, nos clients réalisent en moyenne 10% d'économies sur chaque deal. Nous gérons l'intégralité du processus, de l'analyse de votre besoin à la négociation finale, avec une signature en 15 jours en moyenne. Contactez-nous pour trouver votre bureau clés en main incluant charges, taxes, internet et ménage dans une facture unique.</p>","<h2>Vous cherchez un espace de coworking dans le 15ème ?</h2><a href=""/coworking/paris-15e/"">Coworking Paris 15ème</a>"
Bureaux Paris 16ème,/bureau/paris-16e/,Location de bureaux à Paris 16 - 75016 | Flashoffice,"Découvrez nos bureaux à louer à Paris 16ème. Espaces privatifs clés en main, accompagnement gratuit avec Flashoffice.",Nos bureaux à louer à Paris 16 (75016),"<h2>Location de bureau à Paris 16ème</h2><p>Le 16ème arrondissement constitue un emplacement de premier choix pour stabiliser votre activité au coeur de la capitale. Si vous envisagez une location bureau paris 16ème, ce secteur offre un rayonnement immédiat pour votre image de marque et une proximité précieuse avec vos partenaires. FlashOffice vous accompagne gratuitement pour identifier des bureaux privatifs et opérés répondant exactement aux besoins de vos collaborateurs dans les quartiers de du Trocadéro, de Passy et de la Porte Maillot. Profitez d'un marché dynamique pour installer vos équipes dans un environnement professionnel de haut standing.</p><h2>Le 16ème : l'adresse corporate par excellence</h2><p>Installer son siège social ou ses équipes dans le 16ème est une décision stratégique majeure. Ce secteur se distingue par une forte présence de conseils juridiques, de banques privées et de holdings familiales. Le dynamisme économique local attire aussi bien des grands groupes que des PME en pleine croissance, créant un réseau d'affaires dense et diversifié. L'image haut de gamme du 16ème est un atout de poids pour la domiciliation de votre entreprise. Opter pour cet arrondissement, c'est choisir une adresse qui inspire confiance à vos clients tout en offrant un cadre de travail stimulant. La valeur immobilière de la zone est compensée par la flexibilité des solutions en prestation de services que nous négocions pour vous, permettant de maîtriser vos coûts sans sacrifier la localisation.</p><h2>Accès et transports dans le 16ème arrondissement</h2><p>Les lignes 1, 2, 6 et 9 ainsi que le RER C maillent cet arrondissement résidentiel et d'affaires. L'accessibilité est un atout majeur pour cet arrondissement, garantissant que vos collaborateurs et clients peuvent vous rejoindre facilement depuis toute l'Île-de-France. Le maillage dense de stations Vélib et l'aménagement de pistes cyclables favorisent les trajets quotidiens en mobilité douce. Pour vos déplacements professionnels ou l'accueil de visiteurs, la proximité des axes routiers et de parkings publics sécurisés facilite grandement la gestion logistique de votre entreprise.</p><h2>Votre implantation stratégique dans le 16ème avec FlashOffice</h2><p>FlashOffice est l'expert de l'accompagnement à la recherche de bureaux en prestation de services à Paris. Dans le 16ème, nos 12 experts dédiés sélectionnent pour vous les meilleures opportunités parmi plus de 1,5 million de m2 disponibles sur le marché. Notre service est totalement gratuit pour le client, car nous sommes rémunérés par nos 90 opérateurs partenaires. Grâce à notre volume de plus de 4 000 postes négociés chaque année, nos clients réalisent en moyenne 10% d'économies sur chaque deal. Nous gérons l'intégralité du processus, de l'analyse de votre besoin à la négociation finale, avec une signature en 15 jours en moyenne. Contactez-nous pour trouver votre bureau clés en main incluant charges, taxes, internet et ménage dans une facture unique.</p>","<h2>Vous cherchez un espace de coworking dans le 16ème ?</h2><a href=""/coworking/paris-16e/"">Coworking Paris 16ème</a>"
Bureaux Paris 17ème,/bureau/paris-17e/,Location de bureaux à Paris 17 - 75017 | Flashoffice,"Découvrez nos bureaux à louer à Paris 17ème. Espaces privatifs clés en main, accompagnement gratuit avec Flashoffice.",Nos bureaux à louer à Paris 17 (75017),"<h2>Location de bureau à Paris 17ème</h2><p>Le 17ème arrondissement constitue un emplacement de premier choix pour stabiliser votre activité au coeur de la capitale. Si vous envisagez une location bureau paris 17ème, ce secteur offre un rayonnement immédiat pour votre image de marque et une proximité précieuse avec vos partenaires. FlashOffice vous accompagne gratuitement pour identifier des bureaux privatifs et opérés répondant exactement aux besoins de vos collaborateurs dans les quartiers de des Batignolles, de la Plaine Monceau et de Pereire. Profitez d'un marché dynamique pour installer vos équipes dans un environnement professionnel de haut standing.</p><h2>Le 17ème : le renouveau dynamique du Nord-Ouest</h2><p>Installer son siège social ou ses équipes dans le 17ème est une décision stratégique majeure. Ce secteur se distingue par le nouveau palais de justice attirant de nombreux avocats et des entreprises innovantes. Le dynamisme économique local attire aussi bien des grands groupes que des PME en pleine croissance, créant un réseau d'affaires dense et diversifié. La transformation des Batignolles crée un cadre de travail moderne et très attractif. Opter pour cet arrondissement, c'est choisir une adresse qui inspire confiance à vos clients tout en offrant un cadre de travail stimulant. La valeur immobilière de la zone est compensée par la flexibilité des solutions en prestation de services que nous négocions pour vous, permettant de maîtriser vos coûts sans sacrifier la localisation.</p><h2>Accès et transports dans le 17ème arrondissement</h2><p>Les lignes 1, 2, 3, 13 et 14 connectent rapidement l'arrondissement aux autres centres d'affaires. L'accessibilité est un atout majeur pour cet arrondissement, garantissant que vos collaborateurs et clients peuvent vous rejoindre facilement depuis toute l'Île-de-France. Le maillage dense de stations Vélib et l'aménagement de pistes cyclables favorisent les trajets quotidiens en mobilité douce. Pour vos déplacements professionnels ou l'accueil de visiteurs, la proximité des axes routiers et de parkings publics sécurisés facilite grandement la gestion logistique de votre entreprise.</p><h2>Votre implantation stratégique dans le 17ème avec FlashOffice</h2><p>FlashOffice est l'expert de l'accompagnement à la recherche de bureaux en prestation de services à Paris. Dans le 17ème, nos 12 experts dédiés sélectionnent pour vous les meilleures opportunités parmi plus de 1,5 million de m2 disponibles sur le marché. Notre service est totalement gratuit pour le client, car nous sommes rémunérés par nos 90 opérateurs partenaires. Grâce à notre volume de plus de 4 000 postes négociés chaque année, nos clients réalisent en moyenne 10% d'économies sur chaque deal. Nous gérons l'intégralité du processus, de l'analyse de votre besoin à la négociation finale, avec une signature en 15 jours en moyenne. Contactez-nous pour trouver votre bureau clés en main incluant charges, taxes, internet et ménage dans une facture unique.</p>","<h2>Vous cherchez un espace de coworking dans le 17ème ?</h2><a href=""/coworking/paris-17e/"">Coworking Paris 17ème</a>"
Bureaux Paris 18ème,/bureau/paris-18e/,Location de bureaux à Paris 18 - 75018 | Flashoffice,"Découvrez nos bureaux à louer à Paris 18ème. Espaces privatifs clés en main, accompagnement gratuit avec Flashoffice.",Nos bureaux à louer à Paris 18 (75018),"<h2>Location de bureau à Paris 18ème</h2><p>Le 18ème arrondissement constitue un emplacement de premier choix pour stabiliser votre activité au coeur de la capitale. Si vous envisagez une location bureau paris 18ème, ce secteur offre un rayonnement immédiat pour votre image de marque et une proximité précieuse avec vos partenaires. FlashOffice vous accompagne gratuitement pour identifier des bureaux privatifs et opérés répondant exactement aux besoins de vos collaborateurs dans les quartiers de de Montmartre, de la Chapelle et de la Goutte d'Or. Profitez d'un marché dynamique pour installer vos équipes dans un environnement professionnel de haut standing.</p><h2>Le 18ème : un foyer de créativité en pleine mutation</h2><p>Installer son siège social ou ses équipes dans le 18ème est une décision stratégique majeure. Ce secteur se distingue par des entreprises du secteur des médias, de l'événementiel et des industries culturelles. Le dynamisme économique local attire aussi bien des grands groupes que des PME en pleine croissance, créant un réseau d'affaires dense et diversifié. Les loyers plus accessibles permettent aux structures en croissance de s'implanter durablement. Opter pour cet arrondissement, c'est choisir une adresse qui inspire confiance à vos clients tout en offrant un cadre de travail stimulant. La valeur immobilière de la zone est compensée par la flexibilité des solutions en prestation de services que nous négocions pour vous, permettant de maîtriser vos coûts sans sacrifier la localisation.</p><h2>Accès et transports dans le 18ème arrondissement</h2><p>Les lignes 2, 4 et 12 desservent les principaux axes de l'arrondissement. L'accessibilité est un atout majeur pour cet arrondissement, garantissant que vos collaborateurs et clients peuvent vous rejoindre facilement depuis toute l'Île-de-France. Le maillage dense de stations Vélib et l'aménagement de pistes cyclables favorisent les trajets quotidiens en mobilité douce. Pour vos déplacements professionnels ou l'accueil de visiteurs, la proximité des axes routiers et de parkings publics sécurisés facilite grandement la gestion logistique de votre entreprise.</p><h2>Votre implantation stratégique dans le 18ème avec FlashOffice</h2><p>FlashOffice est l'expert de l'accompagnement à la recherche de bureaux en prestation de services à Paris. Dans le 18ème, nos 12 experts dédiés sélectionnent pour vous les meilleures opportunités parmi plus de 1,5 million de m2 disponibles sur le marché. Notre service est totalement gratuit pour le client, car nous sommes rémunérés par nos 90 opérateurs partenaires. Grâce à notre volume de plus de 4 000 postes négociés chaque année, nos clients réalisent en moyenne 10% d'économies sur chaque deal. Nous gérons l'intégralité du processus, de l'analyse de votre besoin à la négociation finale, avec une signature en 15 jours en moyenne. Contactez-nous pour trouver votre bureau clés en main incluant charges, taxes, internet et ménage dans une facture unique.</p>","<h2>Vous cherchez un espace de coworking dans le 18ème ?</h2><a href=""/coworking/paris-18e/"">Coworking Paris 18ème</a>"
Bureaux Paris 19ème,/bureau/paris-19e/,Location de bureaux à Paris 19 - 75019 | Flashoffice,"Découvrez nos bureaux à louer à Paris 19ème. Espaces privatifs clés en main, accompagnement gratuit avec Flashoffice.",Nos bureaux à louer à Paris 19 (75019),"<h2>Location de bureau à Paris 19ème</h2><p>Le 19ème arrondissement constitue un emplacement de premier choix pour stabiliser votre activité au coeur de la capitale. Si vous envisagez une location bureau paris 19ème, ce secteur offre un rayonnement immédiat pour votre image de marque et une proximité précieuse avec vos partenaires. FlashOffice vous accompagne gratuitement pour identifier des bureaux privatifs et opérés répondant exactement aux besoins de vos collaborateurs dans les quartiers de de la Villette, des Buttes-Chaumont et du Bassin. Profitez d'un marché dynamique pour installer vos équipes dans un environnement professionnel de haut standing.</p><h2>Le 19ème : un environnement de travail spacieux et vert</h2><p>Installer son siège social ou ses équipes dans le 19ème est une décision stratégique majeure. Ce secteur se distingue par des hubs technologiques, des acteurs du secteur social et des entreprises créatives. Le dynamisme économique local attire aussi bien des grands groupes que des PME en pleine croissance, créant un réseau d'affaires dense et diversifié. Le cadre des Buttes-Chaumont offre une qualité de vie au travail exceptionnelle pour vos équipes. Opter pour cet arrondissement, c'est choisir une adresse qui inspire confiance à vos clients tout en offrant un cadre de travail stimulant. La valeur immobilière de la zone est compensée par la flexibilité des solutions en prestation de services que nous négocions pour vous, permettant de maîtriser vos coûts sans sacrifier la localisation.</p><h2>Accès et transports dans le 19ème arrondissement</h2><p>Les lignes 2, 5 et 7 ainsi que le tramway T3b facilitent les trajets quotidiens. L'accessibilité est un atout majeur pour cet arrondissement, garantissant que vos collaborateurs et clients peuvent vous rejoindre facilement depuis toute l'Île-de-France. Le maillage dense de stations Vélib et l'aménagement de pistes cyclables favorisent les trajets quotidiens en mobilité douce. Pour vos déplacements professionnels ou l'accueil de visiteurs, la proximité des axes routiers et de parkings publics sécurisés facilite grandement la gestion logistique de votre entreprise.</p><h2>Votre implantation stratégique dans le 19ème avec FlashOffice</h2><p>FlashOffice est l'expert de l'accompagnement à la recherche de bureaux en prestation de services à Paris. Dans le 19ème, nos 12 experts dédiés sélectionnent pour vous les meilleures opportunités parmi plus de 1,5 million de m2 disponibles sur le marché. Notre service est totalement gratuit pour le client, car nous sommes rémunérés par nos 90 opérateurs partenaires. Grâce à notre volume de plus de 4 000 postes négociés chaque année, nos clients réalisent en moyenne 10% d'économies sur chaque deal. Nous gérons l'intégralité du processus, de l'analyse de votre besoin à la négociation finale, avec une signature en 15 jours en moyenne. Contactez-nous pour trouver votre bureau clés en main incluant charges, taxes, internet et ménage dans une facture unique.</p>","<h2>Vous cherchez un espace de coworking dans le 19ème ?</h2><a href=""/coworking/paris-19e/"">Coworking Paris 19ème</a>"
Bureaux Paris 20ème,/bureau/paris-20e/,Location de bureaux à Paris 20 - 75020 | Flashoffice,"Découvrez nos bureaux à louer à Paris 20ème. Espaces privatifs clés en main, accompagnement gratuit avec Flashoffice.",Nos bureaux à louer à Paris 20 (75020),"<h2>Location de bureau à Paris 20ème</h2><p>Le 20ème arrondissement constitue un emplacement de premier choix pour stabiliser votre activité au coeur de la capitale. Si vous envisagez une location bureau paris 20ème, ce secteur offre un rayonnement immédiat pour votre image de marque et une proximité précieuse avec vos partenaires. FlashOffice vous accompagne gratuitement pour identifier des bureaux privatifs et opérés répondant exactement aux besoins de vos collaborateurs dans les quartiers de de Belleville, de Gambetta et de Ménilmontant. Profitez d'un marché dynamique pour installer vos équipes dans un environnement professionnel de haut standing.</p><h2>Le 20ème : l'authenticité au service de l'entreprise</h2><p>Installer son siège social ou ses équipes dans le 20ème est une décision stratégique majeure. Ce secteur se distingue par un écosystème d'entreprises à impact, d'agences de communication et d'indépendants. Le dynamisme économique local attire aussi bien des grands groupes que des PME en pleine croissance, créant un réseau d'affaires dense et diversifié. Le dynamisme local et les tarifs attractifs favorisent l'éclosion de projets ambitieux. Opter pour cet arrondissement, c'est choisir une adresse qui inspire confiance à vos clients tout en offrant un cadre de travail stimulant. La valeur immobilière de la zone est compensée par la flexibilité des solutions en prestation de services que nous négocions pour vous, permettant de maîtriser vos coûts sans sacrifier la localisation.</p><h2>Accès et transports dans le 20ème arrondissement</h2><p>Les lignes 2, 3 et 9 irriguent le secteur via les stations Gambetta et Belleville. L'accessibilité est un atout majeur pour cet arrondissement, garantissant que vos collaborateurs et clients peuvent vous rejoindre facilement depuis toute l'Île-de-France. Le maillage dense de stations Vélib et l'aménagement de pistes cyclables favorisent les trajets quotidiens en mobilité douce. Pour vos déplacements professionnels ou l'accueil de visiteurs, la proximité des axes routiers et de parkings publics sécurisés facilite grandement la gestion logistique de votre entreprise.</p><h2>Votre implantation stratégique dans le 20ème avec FlashOffice</h2><p>FlashOffice est l'expert de l'accompagnement à la recherche de bureaux en prestation de services à Paris. Dans le 20ème, nos 12 experts dédiés sélectionnent pour vous les meilleures opportunités parmi plus de 1,5 million de m2 disponibles sur le marché. Notre service est totalement gratuit pour le client, car nous sommes rémunérés par nos 90 opérateurs partenaires. Grâce à notre volume de plus de 4 000 postes négociés chaque année, nos clients réalisent en moyenne 10% d'économies sur chaque deal. Nous gérons l'intégralité du processus, de l'analyse de votre besoin à la négociation finale, avec une signature en 15 jours en moyenne. Contactez-nous pour trouver votre bureau clés en main incluant charges, taxes, internet et ménage dans une facture unique.</p>","<h2>Vous cherchez un espace de coworking dans le 20ème ?</h2><a href=""/coworking/paris-20e/"">Coworking Paris 20ème</a>"
